﻿<?xml version="1.0" encoding="utf-8"?><meta xmlns:xsi="http://www.w3.org/2001/XMLSchema-instance" xmlns:xsd="http://www.w3.org/2001/XMLSchema"><project id="6d6WtYwByCz" courseid="68clYv1AuYk_course_id" thumburl="story_content/thumbnail.jpg" title="Colouring Book Activity" datepublished="2024-02-15T20:13:49" version="1.0.0.0" flashdata="story_content/data.swf" html5data="mobile/data.json" mobiledata="mobile/data.gz" enabledownload="false" duration="About 60 seconds" totalaudio="444" totalvideo="0"><description>A fun and relaxing activity built within Articulate Storyline</description><keywords>memory,game,discover,elearning</keywords><slidemeta moniker="slide" monikerplural="slides" viewslides="1" slidecountdescription="1 slide" /><author name="" email="" website="" /><application name="Articulate Storyline" version="3.84.31722.0" xmlversion="4.0" /></project></meta>